Category,Subcategory,Sub-Subcategory
TV & Home Theater,TVs,4K Ultra HD TVs
TV & Home Theater,TVs,OLED TVs
TV & Home Theater,TVs,QLED & QNED TVs
TV & Home Theater,TVs,Smart TVs
TV & Home Theater,TVs,Full HD TVs
TV & Home Theater,TVs,Portable & Small TVs
TV & Home Theater,Home Theater Systems,Sound Bars
TV & Home Theater,Home Theater Systems,Surround Sound Systems
TV & Home Theater,Home Theater Systems,Home Theater in a Box
TV & Home Theater,Projectors,Home Theater Projectors
TV & Home Theater,Projectors,4K Projectors
TV & Home Theater,Projectors,Portable Projectors
TV & Home Theater,Projectors,Projector Screens
TV & Home Theater,Streaming Devices,Media Streaming Players
TV & Home Theater,Streaming Devices,Streaming Sticks
TV & Home Theater,Streaming Devices,Smart TV Boxes
TV & Home Theater,DVD & Blu-ray Players,Blu-ray Players
TV & Home Theater,DVD & Blu-ray Players,DVD Players
TV & Home Theater,TV Accessories,TV Mounts & Stands
TV & Home Theater,TV Accessories,TV Remote Controls
TV & Home Theater,TV Accessories,TV Antennas
TV & Home Theater,TV Accessories,HDMI Cables & Adapters
Computers & Tablets,Laptops,Thin & Light Laptops
Computers & Tablets,Laptops,Business Laptops
Computers & Tablets,Laptops,Gaming Laptops
Computers & Tablets,Laptops,2-in-1 Laptops
Computers & Tablets,Laptops,Chromebooks
Computers & Tablets,Desktops,All-in-One Desktops
Computers & Tablets,Desktops,Tower Desktops
Computers & Tablets,Desktops,Mini Desktops
Computers & Tablets,Tablets,iPads
Computers & Tablets,Tablets,Android Tablets
Computers & Tablets,Tablets,Windows Tablets
Computers & Tablets,Tablets,Kids Tablets
Computers & Tablets,PC Gaming,Gaming Desktops
Computers & Tablets,PC Gaming,Gaming Monitors
Computers & Tablets,PC Gaming,Gaming Keyboards
Computers & Tablets,PC Gaming,Gaming Mice
Computers & Tablets,PC Gaming,Gaming Headsets
Computers & Tablets,PC Gaming,Gaming Controllers
Computers & Tablets,Computer Accessories,Keyboards & Mice
Computers & Tablets,Computer Accessories,Webcams
Computers & Tablets,Computer Accessories,USB Hubs & Docking Stations
Computers & Tablets,Computer Accessories,Laptop Bags & Cases
Computers & Tablets,Computer Accessories,Laptop Stands & Risers
Computers & Tablets,Computer Accessories,Monitors
Computers & Tablets,Storage,External Hard Drives
Computers & Tablets,Storage,Solid State Drives
Computers & Tablets,Storage,USB Flash Drives
Computers & Tablets,Storage,Memory Cards
Computers & Tablets,Storage,Network Attached Storage
Cell Phones,Smartphones,iPhones
Cell Phones,Smartphones,Android Phones
Cell Phones,Smartphones,Prepaid Phones
Cell Phones,Phone Accessories,Phone Cases
Cell Phones,Phone Accessories,Screen Protectors
Cell Phones,Phone Accessories,Phone Chargers & Cables
Cell Phones,Phone Accessories,Phone Stands & Mounts
Cell Phones,Phone Accessories,Wireless Chargers
Cell Phones,Phone Accessories,Power Banks & Portable Chargers
Cell Phones,Headsets & Earbuds,True Wireless Earbuds
Cell Phones,Headsets & Earbuds,Bluetooth Headsets
Cell Phones,Headsets & Earbuds,Wired Earbuds
Audio,Headphones,Over-Ear Headphones
Audio,Headphones,On-Ear Headphones
Audio,Headphones,In-Ear Headphones
Audio,Headphones,Wireless Headphones
Audio,Headphones,Noise-Canceling Headphones
Audio,Headphones,Gaming Headphones
Audio,Speakers,Bluetooth Portable Speakers
Audio,Speakers,Smart Speakers
Audio,Speakers,Outdoor Speakers
Audio,Speakers,Party Speakers
Audio,Home Audio,AV Receivers
Audio,Home Audio,Stereo Receivers
Audio,Home Audio,Turntables & Record Players
Audio,Home Audio,Amplifiers
Audio,Home Audio,CD Players
Audio,Car Audio,Car Stereo Receivers
Audio,Car Audio,Car Speakers
Audio,Car Audio,Car Amplifiers
Audio,Car Audio,Car Subwoofers
Audio,Microphones,USB Microphones
Audio,Microphones,Wireless Microphones
Audio,Microphones,Podcast Microphones
Audio,Microphones,Studio Condenser Microphones
Video Games,Video Game Consoles,PlayStation Consoles
Video Games,Video Game Consoles,Xbox Consoles
Video Games,Video Game Consoles,Nintendo Consoles
Video Games,Video Game Consoles,Handheld Consoles
Video Games,Video Games,PlayStation Games
Video Games,Video Games,Xbox Games
Video Games,Video Games,Nintendo Games
Video Games,Video Games,PC Games
Video Games,Gaming Accessories,Controllers & Joysticks
Video Games,Gaming Accessories,Gaming Headsets
Video Games,Gaming Accessories,Gaming Chairs
Video Games,Gaming Accessories,Gaming Storage & Stands
Video Games,Gaming Accessories,VR Headsets
Cameras & Camcorders,Digital Cameras,Mirrorless Cameras
Cameras & Camcorders,Digital Cameras,DSLR Cameras
Cameras & Camcorders,Digital Cameras,Point & Shoot Cameras
Cameras & Camcorders,Camcorders,HD Camcorders
Cameras & Camcorders,Camcorders,4K Camcorders
Cameras & Camcorders,Action Cameras,Action Cameras
Cameras & Camcorders,Action Cameras,360-Degree Cameras
Cameras & Camcorders,Drones,Camera Drones
Cameras & Camcorders,Drones,Racing Drones
Cameras & Camcorders,Camera Accessories,Camera Lenses
Cameras & Camcorders,Camera Accessories,Tripods & Monopods
Cameras & Camcorders,Camera Accessories,Camera Bags & Cases
Cameras & Camcorders,Camera Accessories,Memory Cards
Cameras & Camcorders,Camera Accessories,Camera Flashes & Lighting
Smart Home,Smart Speakers,Smart Speakers
Smart Home,Smart Speakers,Smart Displays
Smart Home,Smart Lighting,Smart Bulbs
Smart Home,Smart Lighting,Smart Light Strips
Smart Home,Smart Lighting,Smart Light Switches & Dimmers
Smart Home,Security Cameras,Indoor Security Cameras
Smart Home,Security Cameras,Outdoor Security Cameras
Smart Home,Security Cameras,Video Baby Monitors
Smart Home,Video Doorbells,Wired Video Doorbells
Smart Home,Video Doorbells,Battery-Powered Video Doorbells
Smart Home,Smart Locks,Keypad Door Locks
Smart Home,Smart Locks,Smart Deadbolts
Smart Home,Smart Thermostats,Smart Thermostats
Smart Home,Smart Home Hubs & Controllers,Smart Home Hubs
Smart Home,Smart Home Hubs & Controllers,Smart Home Controllers
Smart Home,Smart Plugs & Outlets,Smart Plugs
Smart Home,Smart Plugs & Outlets,Smart Power Strips
Smart Home,Robot Vacuums,Robot Vacuums
Smart Home,Robot Vacuums,Robot Mops
Car Electronics & GPS,GPS Navigation,Portable GPS Systems
Car Electronics & GPS,GPS Navigation,Truck & RV GPS Systems
Car Electronics & GPS,Car Video,Dash Cameras
Car Electronics & GPS,Car Video,Backup Cameras
Car Electronics & GPS,Car Video,Car DVD & Multimedia Players
Car Electronics & GPS,Car Audio,Car Stereo Receivers
Car Electronics & GPS,Car Audio,Car Speaker Systems
Car Electronics & GPS,Car Charging,Car Chargers
Car Electronics & GPS,Car Charging,Jump Starters & Battery Chargers
Car Electronics & GPS,Car Accessories,Car Phone Mounts
Car Electronics & GPS,Car Accessories,Radar Detectors
Appliances,Refrigerators,French Door Refrigerators
Appliances,Refrigerators,Side-by-Side Refrigerators
Appliances,Refrigerators,Bottom Freezer Refrigerators
Appliances,Refrigerators,Top Freezer Refrigerators
Appliances,Refrigerators,Counter-Depth Refrigerators
Appliances,Refrigerators,Mini Fridges & Beverage Coolers
Appliances,Ranges & Ovens,Gas Ranges
Appliances,Ranges & Ovens,Electric Ranges
Appliances,Ranges & Ovens,Induction Ranges
Appliances,Ranges & Ovens,Wall Ovens
Appliances,Ranges & Ovens,Cooktops
Appliances,Dishwashers,Built-in Dishwashers
Appliances,Dishwashers,Portable Dishwashers
Appliances,Dishwashers,Countertop Dishwashers
Appliances,Washers & Dryers,Top-Load Washers
Appliances,Washers & Dryers,Front-Load Washers
Appliances,Washers & Dryers,Electric Dryers
Appliances,Washers & Dryers,Gas Dryers
Appliances,Washers & Dryers,Washer & Dryer Sets
Appliances,Microwave Ovens,Over-the-Range Microwaves
Appliances,Microwave Ovens,Countertop Microwaves
Appliances,Microwave Ovens,Built-in Microwaves
Appliances,Small Kitchen Appliances,Coffee Makers & Espresso Machines
Appliances,Small Kitchen Appliances,Air Fryers
Appliances,Small Kitchen Appliances,Blenders
Appliances,Small Kitchen Appliances,Toasters & Toaster Ovens
Appliances,Small Kitchen Appliances,Stand Mixers
Appliances,Small Kitchen Appliances,Instant Pots & Pressure Cookers
Appliances,Small Kitchen Appliances,Food Processors
Appliances,Small Kitchen Appliances,Juicers
Appliances,Small Kitchen Appliances,Electric Kettles
Appliances,Small Kitchen Appliances,Waffle Makers & Grills
Appliances,Vacuums & Floor Care,Upright Vacuums
Appliances,Vacuums & Floor Care,Stick Vacuums
Appliances,Vacuums & Floor Care,Canister Vacuums
Appliances,Vacuums & Floor Care,Handheld Vacuums
Appliances,Vacuums & Floor Care,Steam Mops & Cleaners
Appliances,Air Quality,Air Purifiers
Appliances,Air Quality,Dehumidifiers
Appliances,Air Quality,Humidifiers
Appliances,Air Quality,Window Air Conditioners
Appliances,Air Quality,Portable Air Conditioners
Health & Wellness,Wearables,Fitness Trackers
Health & Wellness,Wearables,Smartwatches
Health & Wellness,Wearables,GPS Sports Watches
Health & Wellness,Fitness Equipment,Treadmills
Health & Wellness,Fitness Equipment,Exercise Bikes
Health & Wellness,Fitness Equipment,Ellipticals
Health & Wellness,Fitness Equipment,Rowing Machines
Health & Wellness,Personal Care,Electric Toothbrushes
Health & Wellness,Personal Care,Electric Shavers
Health & Wellness,Personal Care,Hair Dryers
Health & Wellness,Personal Care,Hair Straighteners & Curlers
Health & Wellness,Personal Care,Trimmers & Clippers
Health & Wellness,Massage & Recovery,Massage Guns
Health & Wellness,Massage & Recovery,Massage Chairs
Health & Wellness,Massage & Recovery,Foam Rollers & Recovery Tools
Health & Wellness,Medical Devices,Blood Pressure Monitors
Health & Wellness,Medical Devices,Thermometers
Health & Wellness,Medical Devices,Pulse Oximeters
Office,Printers,Inkjet Printers
Office,Printers,Laser Printers
Office,Printers,All-in-One Printers
Office,Printers,3D Printers
Office,Printers,Printer Ink & Toner
Office,Office Furniture,Ergonomic Office Chairs
Office,Office Furniture,Standing Desks
Office,Office Furniture,Monitor Arms & Stands
Office,Shredders,Cross-Cut Shredders
Office,Shredders,Micro-Cut Shredders
Office,Calculators,Scientific Calculators
Office,Calculators,Printing Calculators
Networking,Wi-Fi Routers,Wi-Fi 6 & Wi-Fi 6E Routers
Networking,Wi-Fi Routers,Mesh Wi-Fi Systems
Networking,Wi-Fi Routers,Dual-Band Routers
Networking,Network Switches,Unmanaged Switches
Networking,Network Switches,Managed Switches
Networking,Network Accessories,Ethernet Cables
Networking,Network Accessories,Network Range Extenders
Networking,Network Storage,NAS Drives
Networking,Network Security,Firewalls & Security Appliances
Portable Electronics,E-Readers,E-Ink E-Readers
Portable Electronics,Portable Speakers,Waterproof Bluetooth Speakers
Portable Electronics,Portable Speakers,Party & High-Power Speakers
Portable Electronics,Portable Power,Power Banks
Portable Electronics,Portable Power,Solar Chargers
Portable Electronics,Calculators,Graphing Calculators
